Workbook

Sheet Print
A1: 印刷ページ
B3: No | C3: 日付 | D3: 社員番号 | E3: 名前 | F3: 開始時刻 | G3: 終了時刻 | H3: 理由 | I3: 備考
B4: 1 | C4: =IF(Data!A2>0,Data!A2,"") | D4: =IF(Data!B2<>"",Data!B2,"") | E4: =IF(Data!C2<>"",Data!C2,"") | F4: =IF(Data!D2<>"",Data!D2,"") | G4: =IF(Data!E2<>"",Data!E2,"") | H4: =IF(Data!F2<>"",Data!F2,"") | I4: =IF(Data!G2<>"",Data!G2,"")
B5: 2 | C5: =IF(Data!A3>0,Data!A3,"") | D5: =IF(Data!B3<>"",Data!B3,"") | E5: =IF(Data!C3<>"",Data!C3,"") | F5: =IF(Data!D3<>"",Data!D3,"") | G5: =IF(Data!E3<>"",Data!E3,"") | H5: =IF(Data!F3<>"",Data!F3,"") | I5: =IF(Data!G3<>"",Data!G3,"")
B6: 3 | C6: =IF(Data!A4>0,Data!A4,"") | D6: =IF(Data!B4<>"",Data!B4,"") | E6: =IF(Data!C4<>"",Data!C4,"") | F6: =IF(Data!D4<>"",Data!D4,"") | G6: =IF(Data!E4<>"",Data!E4,"") | H6: =IF(Data!F4<>"",Data!F4,"") | I6: =IF(Data!G4<>"",Data!G4,"")
B7: 4 | C7: =IF(Data!A5>0,Data!A5,"") | D7: =IF(Data!B5<>"",Data!B5,"") | E7: =IF(Data!C5<>"",Data!C5,"") | F7: =IF(Data!D5<>"",Data!D5,"") | G7: =IF(Data!E5<>"",Data!E5,"") | H7: =IF(Data!F5<>"",Data!F5,"") | I7: =IF(Data!G5<>"",Data!G5,"")
B8: 5 | C8: =IF(Data!A6>0,Data!A6,"") | D8: =IF(Data!B6<>"",Data!B6,"") | E8: =IF(Data!C6<>"",Data!C6,"") | F8: =IF(Data!D6<>"",Data!D6,"") | G8: =IF(Data!E6<>"",Data!E6,"") | H8: =IF(Data!F6<>"",Data!F6,"") | I8: =IF(Data!G6<>"",Data!G6,"")
B9: 6 | C9: =IF(Data!A7>0,Data!A7,"") | D9: =IF(Data!B7<>"",Data!B7,"") | E9: =IF(Data!C7<>"",Data!C7,"") | F9: =IF(Data!D7<>"",Data!D7,"") | G9: =IF(Data!E7<>"",Data!E7,"") | H9: =IF(Data!F7<>"",Data!F7,"") | I9: =IF(Data!G7<>"",Data!G7,"")
B10: 7 | C10: =IF(Data!A8>0,Data!A8,"") | D10: =IF(Data!B8<>"",Data!B8,"") | E10: =IF(Data!C8<>"",Data!C8,"") | F10: =IF(Data!D8<>"",Data!D8,"") | G10: =IF(Data!E8<>"",Data!E8,"") | H10: =IF(Data!F8<>"",Data!F8,"") | I10: =IF(Data!G8<>"",Data!G8,"")
B11: 8 | C11: =IF(Data!A9>0,Data!A9,"") | D11: =IF(Data!B9<>"",Data!B9,"") | E11: =IF(Data!C9<>"",Data!C9,"") | F11: =IF(Data!D9<>"",Data!D9,"") | G11: =IF(Data!E9<>"",Data!E9,"") | H11: =IF(Data!F9<>"",Data!F9,"") | I11: =IF(Data!G9<>"",Data!G9,"")
B12: 9 | C12: =IF(Data!A10>0,Data!A10,"") | D12: =IF(Data!B10<>"",Data!B10,"") | E12: =IF(Data!C10<>"",Data!C10,"") | F12: =IF(Data!D10<>"",Data!D10,"") | G12: =IF(Data!E10<>"",Data!E10,"") | H12: =IF(Data!F10<>"",Data!F10,"") | I12: =IF(Data!G10<>"",Data!G10,"")
B13: 10 | C13: =IF(Data!A11>0,Data!A11,"") | D13: =IF(Data!B11<>"",Data!B11,"") | E13: =IF(Data!C11<>"",Data!C11,"") | F13: =IF(Data!D11<>"",Data!D11,"") | G13: =IF(Data!E11<>"",Data!E11,"") | H13: =IF(Data!F11<>"",Data!F11,"") | I13: =IF(Data!G11<>"",Data!G11,"")

Sheet Data
